[ 
  {
  "name": "studentadvisors",
  "type": "list",
  "widgets": [
      {
        "name": "VerticalTabs",
        "label": "Default"
      }
    ],
  "label": "Student Advisors",
  "entity": "advisor",
  "min": 1,
  "max": 20,
  "field": {
	  "name": "advisor",
	  "type": "group",
	  "label": "Advisor",
	  "fields": [
		{
		  "name": "image",
		  "type": "image",
		  "label": "Profile picture",
		  "optional": true,
		  "description": "Picture of the student advisor. If left blank a placeholder image will be displayed. Image dimensions should ideally be 150px by 150px to avoid scaling."
		},
		{
		  "name": "name",
		  "type": "text",
		  "label": "Name",
		  "default": "",
		  "description": "Name of student advisor"
		},
		{
		  "name": "iwi",
		  "type": "text",
		  "label": "Iwi/hapū",
		  "optional": true,
		  "default": "",
		  "description": "Enter one or more iwi/hapū, or leave blank to not display this field for this student advisor."
		},
		{
		  "name": "role",
		  "type": "text",
		  "label": "Role",
		  "default": "Student Advisor",
		  "description": "Role of student advisor. Include campus or cohort if required."
		},
		{
		  "name": "email",
		  "type": "text",
		  "label": "Email",
		  "optional": true,
		  "default": "",
		  "description": "Email address. Displayed as a clickable link. Leave blank to not display this field for this student advisor."
		},
		{
		  "name": "about",
		  "type": "text",
		  "widget": "html",
		  "maxLength": 2048,
		  "label": "About",
		  "optional": true,
		  "default": "",
		  "description": "Free-text area for . Leave blank to not display this field for this student advisor.",
		  "enterMode": "p",
			"tags": [
				"strong",
				"em",
				"u",
				"a",
				"hr"
			]
		},
		
		{
		  "name": "link",
		  "type": "text",
		  "label": "Link",
		  "optional": true,
		  "default": "",
		  "description": "A link to further information for this student advisor. If present, a \"More...\" link will be displayed after the student advisor details. Leave blank to not use the feature for this student advisor."
		}
	  ]
	}
},
{
  "name": "layout",
  "type": "select",
  "label": "Layout",
  "description": "Layout of items.",
  "options": [
    {
      "value": "auto",
      "label": "Auto (Three columns, or two columns if four or less items)"
    },
    {
      "value": "2",
      "label": "Two columns"
    },
    {
      "value": "3",
      "label": "Three columns"
    },
    {
      "value": "4",
      "label": "Four columns"
    }
  ],
  "default": "auto"
},
{
  "name": "optionset",
  "type": "select",
  "label": "Option set",
  "description": "The option set for this set of items.",
  "options": [
    {
      "value": "optionset1",
      "label": "Standard"
    },
    {
      "value": "coca1",
      "label": "College of Creative Arts (Set 1)"
    }
  ],
  "default": "default"
}
,
{
  "name": "colourset",
  "type": "select",
  "label": "Colour set",
  "description": "The option set for this set of items.",
  "options": [
    {
      "value": "mu-blue1",
      "label": "Blue (Default)"
    },
	{
		"value": "mu-green1",
		"label": "Green"
	  }
  ],
  "default": "mu-blue1"
}
]